標題,連結,價錢
寬鬆水洗牛仔短袖襯衫,https://www.net-fashion.net/product/552327,NT.639
雙口袋短袖襯衫,https://www.net-fashion.net/product/555053,NT.459
下擺鬆緊短版襯衫,https://www.net-fashion.net/product/555136,NT.399
標準型上班族防皺襯衫,https://www.net-fashion.net/product/555332,NT.699
Regular Fit釘釦領上班族長袖襯衫,https://www.net-fashion.net/product/555362,NT.699
翻領反摺袖襯衫,https://www.net-fashion.net/product/557036,NT.399
V領下擺綁帶襯衫,https://www.net-fashion.net/product/557092,NT.339
下擺綁繩連肩襯衫,https://www.net-fashion.net/product/557289,NT.299
襯衫領寬版上衣,https://www.net-fashion.net/product/557305,NT.379
壓紋短版襯衫,https://www.net-fashion.net/product/558781,NT.179
戶外風雙口袋襯衫,https://www.net-fashion.net/product/558845,NT.379
雙口袋釘釦襯衫,https://www.net-fashion.net/product/558857,NT.599
下擺側綁帶短袖襯衫,https://www.net-fashion.net/product/558866,NT.439
國民領短袖襯衫,https://www.net-fashion.net/product/558882,NT.179
Slim Fit標準領上班族長袖襯衫,https://www.net-fashion.net/product/560220,NT.699
Slim Fit釘釦領上班族長袖襯衫,https://www.net-fashion.net/product/560255,NT.699
軟質滿版印花襯衫,https://www.net-fashion.net/product/561291,NT.439
立領口袋襯衫,https://www.net-fashion.net/product/561300,NT.499
壓紋短版圓領襯衫,https://www.net-fashion.net/product/561504,NT.179
皺皺布合身襯衫,https://www.net-fashion.net/product/561516,NT.229
長版中長袖襯衫,https://www.net-fashion.net/product/561532,NT.399
國民領短版襯衫,https://www.net-fashion.net/product/561816,NT.279
單口袋短版襯衫,https://www.net-fashion.net/product/561834,NT.399
寬鬆標準領皺皺布襯衫,https://www.net-fashion.net/product/562101,NT.299
條紋透光長袖襯衫,https://www.net-fashion.net/product/563655,NT.459
短版皺皺布側抽繩襯衫,https://www.net-fashion.net/product/563862,NT.299
V領荷葉下擺中長袖襯衫,https://www.net-fashion.net/product/563872,NT.399
大領片長袖襯衫,https://www.net-fashion.net/product/563881,NT.399
襯衫領下擺捲邊開襟上衣,https://www.net-fashion.net/product/563893,NT.379
素色棉麻短版襯衫,https://www.net-fashion.net/product/564086,NT.349
素色國民領短袖襯衫,https://www.net-fashion.net/product/564106,NT.359
標準型牛仔襯衫,https://www.net-fashion.net/product/564884,NT.559
寬鬆落肩牛仔襯衫,https://www.net-fashion.net/product/564903,NT.639
標準型牛仔短袖襯衫,https://www.net-fashion.net/product/564906,NT.499
寬鬆型牛仔工裝短袖襯衫,https://www.net-fashion.net/product/564932,NT.539
氣質雪紡襯衫,https://www.net-fashion.net/product/565965,NT.359
V領長袖襯衫,https://www.net-fashion.net/product/565978,NT.359
雪紡連肩襯衫,https://www.net-fashion.net/product/566013,NT.359
微透感襯衫,https://www.net-fashion.net/product/566024,NT.399
小香風鑽釦短版襯衫,https://www.net-fashion.net/product/566030,NT.399
短版短袖襯衫,https://www.net-fashion.net/product/566291,NT.379
微透膚印花襯衫,https://www.net-fashion.net/product/566300,NT.299
氣質大領片綁帶襯衫,https://www.net-fashion.net/product/566306,NT.459
下綁帶V領長袖襯衫,https://www.net-fashion.net/product/566312,NT.399
素色短袖襯衫,https://www.net-fashion.net/product/566315,NT.379
小香風鑽釦短版襯衫,https://www.net-fashion.net/product/566428,NT.359
雙口袋短版襯衫,https://www.net-fashion.net/product/566675,NT.439
素色反摺短袖襯衫,https://www.net-fashion.net/product/566681,NT.459
連帽長袖襯衫,https://www.net-fashion.net/product/566684,NT.539
國民領單口袋襯衫,https://www.net-fashion.net/product/566696,NT.459
立領織紋短袖襯衫,https://www.net-fashion.net/product/567338,NT.359
童短袖襯衫(附領結),https://www.net-fashion.net/product/568022,NT.459
印花反摺短袖襯衫,https://www.net-fashion.net/product/569210,NT.249
長版純棉七分袖襯衫,https://www.net-fashion.net/product/569487,NT.459
標準型棉麻七分袖襯衫,https://www.net-fashion.net/product/569689,NT.559
上班族長袖襯衫,https://www.net-fashion.net/product/570219,NT.429
上班族長袖襯衫,https://www.net-fashion.net/product/570239,NT.359
上班族中長袖襯衫,https://www.net-fashion.net/product/570269,NT.359
上班族V領中長袖襯衫,https://www.net-fashion.net/product/570289,NT.459
素色連肩雪紡襯衫,https://www.net-fashion.net/product/570396,NT.249
